CREATE DATABASE  IF NOT EXISTS `transit_project_db` /*!40100 DEFAULT CHARACTER SET utf8mb3 */ /*!80016 DEFAULT ENCRYPTION='N' */;
USE `transit_project_db`;
-- MySQL dump 10.13  Distrib 8.0.43, for macos15 (arm64)
--
-- Host: localhost    Database: transit_project_db
-- ------------------------------------------------------
-- Server version	9.4.0

/*!40101 SET @OLD_CHARACTER_SET_CLIENT=@@CHARACTER_SET_CLIENT */;
/*!40101 SET @OLD_CHARACTER_SET_RESULTS=@@CHARACTER_SET_RESULTS */;
/*!40101 SET @OLD_COLLATION_CONNECTION=@@COLLATION_CONNECTION */;
/*!50503 SET NAMES utf8 */;
/*!40103 SET @OLD_TIME_ZONE=@@TIME_ZONE */;
/*!40103 SET TIME_ZONE='+00:00' */;
/*!40014 SET @OLD_UNIQUE_CHECKS=@@UNIQUE_CHECKS, UNIQUE_CHECKS=0 */;
/*!40014 SET @OLD_FOREIGN_KEY_CHECKS=@@FOREIGN_KEY_CHECKS, FOREIGN_KEY_CHECKS=0 */;
/*!40101 SET @OLD_SQL_MODE=@@SQL_MODE, SQL_MODE='NO_AUTO_VALUE_ON_ZERO' */;
/*!40111 SET @OLD_SQL_NOTES=@@SQL_NOTES, SQL_NOTES=0 */;

--
-- Table structure for table `City`
--

DROP TABLE IF EXISTS `City`;
/*!40101 SET @saved_cs_client     = @@character_set_client */;
/*!50503 SET character_set_client = utf8mb4 */;
CREATE TABLE `City` (
  `City_id` int NOT NULL,
  `city_name` varchar(100) DEFAULT NULL,
  `coords` varchar(50) DEFAULT NULL,
  `Start_year` int DEFAULT NULL,
  `Url_name` varchar(100) DEFAULT NULL,
  `County` varchar(50) DEFAULT NULL,
  `country_state` varchar(50) DEFAULT NULL,
  PRIMARY KEY (`City_id`)
) ENGINE=InnoDB DEFAULT CHARSET=utf8mb3;
/*!40101 SET character_set_client = @saved_cs_client */;

--
-- Dumping data for table `City`
--

LOCK TABLES `City` WRITE;
/*!40000 ALTER TABLE `City` DISABLE KEYS */;
INSERT INTO `City` VALUES (1,'New York City','40.7128,-74.0060',1888,'new-york-city','New York County','NY, USA'),(2,'London','51.5074,-0.1278',1866,'london','Greater London','UK'),(3,'Tokyo','35.6895,139.6917',1930,'tokyo','Tokyo Metropolis','Japan'),(4,'Paris','48.8566,2.3522',1922,'paris','Ile-de-France','France'),(5,'Berlin','52.5200,13.4050',1917,'berlin','Berlin','Germany'),(6,'Madrid','40.4168,-3.7038',1895,'madrid','Madrid','Spain'),(7,'Rome','41.9028,12.4964',1886,'rome','Rome','Italy'),(8,'Chicago','41.8781,-87.6298',1999,'chicago','Cook County','IL, USA'),(9,'Los Angeles','34.0522,-118.2437',1882,'los-angeles','Los Angeles County','CA, USA'),(10,'Toronto','43.6532,-79.3832',2011,'toronto','Toronto','ON, Canada'),(11,'Mexico City','19.4326,-99.1332',1968,'mexico-city','Mexico City','Mexico'),(12,'Sao Paulo','-23.5505,-46.6333',1868,'sao-paulo','Sao Paulo','Brazil'),(13,'Buenos Aires','-34.6037,-58.3816',1867,'buenos-aires','Buenos Aires','Argentina'),(14,'Sydney','-33.8688,151.2093',1883,'sydney','Sydney','NSW, Australia'),(15,'Melbourne','-37.8136,144.9631',1915,'melbourne','Melbourne','VIC, Australia'),(16,'Shanghai','31.2304,121.4737',1919,'shanghai','Shanghai','China'),(17,'Beijing','39.9042,116.4074',1989,'beijing','Beijing','China'),(18,'Hong Kong','22.3193,114.1694',2014,'hong-kong','Hong Kong','China (SAR)'),(19,'Singapore','1.3521,103.8198',1866,'singapore','Singapore','Singapore'),(20,'Seoul','37.5665,126.9780',2003,'seoul','Seoul','South Korea'),(21,'Moscow','55.7558,37.6173',1910,'moscow','Moscow','Russia'),(22,'Istanbul','41.0082,28.9784',1999,'istanbul','Istanbul','Turkey'),(23,'Cairo','30.0444,31.2357',1967,'cairo','Cairo','Egypt'),(24,'Johannesburg','-26.2041,28.0473',1916,'johannesburg','Gauteng','South Africa'),(25,'Mumbai','19.0760,72.8777',1974,'mumbai','Mumbai','India'),(26,'Delhi','28.7041,77.1025',2010,'delhi','Delhi','India'),(27,'Bangkok','13.7563,100.5018',1931,'bangkok','Bangkok','Thailand'),(28,'Jakarta','-6.2088,106.8456',1861,'jakarta','Jakarta','Indonesia'),(29,'Lisbon','38.7223,-9.1393',1900,'lisbon','Lisbon','Portugal'),(30,'Vienna','48.2082,16.3738',1968,'vienna','Vienna','Austria');
/*!40000 ALTER TABLE `City` ENABLE KEYS */;
UNLOCK TABLES;

--
-- Table structure for table `Line`
--

DROP TABLE IF EXISTS `Line`;
/*!40101 SET @saved_cs_client     = @@character_set_client */;
/*!50503 SET character_set_client = utf8mb4 */;
CREATE TABLE `Line` (
  `Line_id` int NOT NULL,
  `Line_name` varchar(100) DEFAULT NULL,
  `Url_name` varchar(100) DEFAULT NULL,
  `Color` varchar(20) DEFAULT NULL,
  `Transport_mode_id` int DEFAULT NULL,
  `System_id` int NOT NULL,
  `City_id` int NOT NULL,
  PRIMARY KEY (`Line_id`),
  KEY `fk_Line_System1_idx` (`System_id`),
  KEY `fk_Line_City1_idx` (`City_id`),
  CONSTRAINT `fk_Line_City1` FOREIGN KEY (`City_id`) REFERENCES `City` (`City_id`),
  CONSTRAINT `fk_Line_System1` FOREIGN KEY (`System_id`) REFERENCES `System` (`System_id`)
) ENGINE=InnoDB DEFAULT CHARSET=utf8mb3;
/*!40101 SET character_set_client = @saved_cs_client */;

--
-- Dumping data for table `Line`
--

LOCK TABLES `Line` WRITE;
/*!40000 ALTER TABLE `Line` DISABLE KEYS */;
INSERT INTO `Line` VALUES (1,'Blue Line 5','blue-line-5','Blue',3,38,13),(2,'Purple Line 1','purple-line-1','Purple',3,20,15),(3,'Brown Line 2','brown-line-2','Brown',4,7,30),(4,'Red Line 3','red-line-3','Red',2,37,14),(5,'Gold Line 1','gold-line-1','Gold',3,26,11),(6,'Gold Line 5','gold-line-5','Gold',2,38,13),(7,'Green Line 3','green-line-3','Green',2,19,24),(8,'Gold Line 5','gold-line-5','Gold',1,25,7),(9,'Pink Line 3','pink-line-3','Pink',4,16,22),(10,'Red Line 1','red-line-1','Red',3,24,13),(11,'Orange Line 2','orange-line-2','Orange',1,18,21),(12,'Yellow Line 5','yellow-line-5','Yellow',1,30,18),(13,'Blue Line 4','blue-line-4','Blue',1,6,15),(14,'Gold Line 2','gold-line-2','Gold',2,28,15),(15,'Silver Line 5','silver-line-5','Silver',2,22,22),(16,'Orange Line 5','orange-line-5','Orange',4,11,22),(17,'Yellow Line 5','yellow-line-5','Yellow',2,2,7),(18,'Orange Line 4','orange-line-4','Orange',3,7,30),(19,'Silver Line 5','silver-line-5','Silver',4,19,24),(20,'Blue Line 2','blue-line-2','Blue',2,28,15),(21,'Blue Line 3','blue-line-3','Blue',1,18,21),(22,'Pink Line 5','pink-line-5','Pink',2,18,21),(23,'Pink Line 2','pink-line-2','Pink',1,27,16),(24,'Blue Line 1','blue-line-1','Blue',2,24,13),(25,'Blue Line 1','blue-line-1','Blue',3,15,12),(26,'Blue Line 5','blue-line-5','Blue',2,2,7),(27,'Orange Line 4','orange-line-4','Orange',2,20,15),(28,'Gold Line 2','gold-line-2','Gold',4,21,30),(29,'Yellow Line 4','yellow-line-4','Yellow',4,37,14),(30,'Yellow Line 1','yellow-line-1','Yellow',1,7,30),(31,'Brown Line 3','brown-line-3','Brown',4,19,24),(32,'Brown Line 4','brown-line-4','Brown',1,2,7),(33,'Blue Line 1','blue-line-1','Blue',4,15,12),(34,'Purple Line 1','purple-line-1','Purple',2,14,21),(35,'Yellow Line 2','yellow-line-2','Yellow',4,35,25),(36,'Green Line 4','green-line-4','Green',2,39,15),(37,'Orange Line 4','orange-line-4','Orange',2,11,22),(38,'Blue Line 4','blue-line-4','Blue',1,14,21),(39,'Red Line 5','red-line-5','Red',1,27,16),(40,'Blue Line 2','blue-line-2','Blue',2,40,18),(41,'Brown Line 4','brown-line-4','Brown',4,36,5),(42,'Yellow Line 4','yellow-line-4','Yellow',1,24,13),(43,'Green Line 4','green-line-4','Green',1,24,13),(44,'Brown Line 3','brown-line-3','Brown',4,5,9),(45,'Orange Line 4','orange-line-4','Orange',4,33,12),(46,'Green Line 2','green-line-2','Green',3,34,17),(47,'Yellow Line 1','yellow-line-1','Yellow',1,33,12),(48,'Purple Line 1','purple-line-1','Purple',1,11,22),(49,'Pink Line 4','pink-line-4','Pink',2,38,13),(50,'Red Line 5','red-line-5','Red',1,30,18);
/*!40000 ALTER TABLE `Line` ENABLE KEYS */;
UNLOCK TABLES;

--
-- Table structure for table `Station`
--

DROP TABLE IF EXISTS `Station`;
/*!40101 SET @saved_cs_client     = @@character_set_client */;
/*!50503 SET character_set_client = utf8mb4 */;
CREATE TABLE `Station` (
  `Station_id` int NOT NULL,
  `Station_name` varchar(100) DEFAULT NULL,
  `Build_start` date DEFAULT NULL,
  `Opening` date DEFAULT NULL,
  `City_id` int NOT NULL,
  PRIMARY KEY (`Station_id`),
  KEY `fk_Station_City1_idx` (`City_id`),
  CONSTRAINT `fk_Station_City1` FOREIGN KEY (`City_id`) REFERENCES `City` (`City_id`)
) ENGINE=InnoDB DEFAULT CHARSET=utf8mb3;
/*!40101 SET character_set_client = @saved_cs_client */;

--
-- Dumping data for table `Station`
--

LOCK TABLES `Station` WRITE;
/*!40000 ALTER TABLE `Station` DISABLE KEYS */;
INSERT INTO `Station` VALUES (1,'Station 1','1974-11-17','1979-04-03',9),(2,'Station 2','1956-12-13','1961-01-12',16),(3,'Station 3','1957-03-25','1958-02-01',9),(4,'Station 4','1955-10-06','1958-03-03',13),(5,'Station 5','1987-09-11','1989-12-16',18),(6,'Station 6','2001-08-25','2003-11-12',19),(7,'Station 7','1987-08-05','1990-09-10',12),(8,'Station 8','1993-10-20','1995-02-11',18),(9,'Station 9','1986-04-10','1990-06-01',16),(10,'Station 10','1997-12-02','1998-02-25',15),(11,'Station 11','2007-08-31','2010-02-23',19),(12,'Station 12','1979-05-15','1980-08-20',15),(13,'Station 13','1987-10-27','1989-04-25',11),(14,'Station 14','1981-05-25','1982-09-26',16),(15,'Station 15','1952-10-13','1954-04-02',25),(16,'Station 16','1992-06-26','1996-04-27',1),(17,'Station 17','1983-02-04','1984-02-12',7),(18,'Station 18','1964-09-10','1966-07-09',24),(19,'Station 19','1983-09-03','1985-12-23',1),(20,'Station 20','2006-04-10','2007-09-19',7),(21,'Station 21','1960-11-10','1965-05-28',25),(22,'Station 22','2009-05-07','2011-07-04',26),(23,'Station 23','1993-12-23','1994-08-26',11),(24,'Station 24','1963-09-23','1966-04-01',12),(25,'Station 25','1998-04-13','2002-09-15',17),(26,'Station 26','1978-12-01','1983-10-10',14),(27,'Station 27','1971-11-17','1976-03-01',30),(28,'Station 28','1994-05-07','1999-03-14',20),(29,'Station 29','1980-07-14','1982-03-08',16),(30,'Station 30','1996-05-07','1997-07-02',23),(31,'Station 31','1992-09-17','1996-05-31',14),(32,'Station 32','1969-11-18','1972-03-25',15),(33,'Station 33','1999-08-28','2002-09-18',10),(34,'Station 34','1990-09-16','1992-04-22',24),(35,'Station 35','1960-09-22','1964-12-21',8),(36,'Station 36','1993-06-10','1995-01-27',25),(37,'Station 37','1959-01-08','1963-10-09',25),(38,'Station 38','1997-12-02','1998-09-17',8),(39,'Station 39','1961-04-30','1964-12-26',2),(40,'Station 40','1975-07-06','1978-03-23',16),(41,'Station 41','1992-11-10','1993-07-31',11),(42,'Station 42','1954-10-23','1955-09-28',13),(43,'Station 43','1972-04-07','1973-01-04',19),(44,'Station 44','1970-04-01','1974-09-05',14),(45,'Station 45','2002-10-19','2005-04-14',15),(46,'Station 46','1958-11-26','1963-04-06',20),(47,'Station 47','1971-07-09','1972-07-28',7),(48,'Station 48','2003-04-11','2005-12-28',6),(49,'Station 49','1990-09-25','1991-03-19',8),(50,'Station 50','2002-11-30','2006-09-14',30),(51,'Station 51','2008-02-07','2009-01-07',7),(52,'Station 52','1977-08-06','1981-01-05',27),(53,'Station 53','1992-01-19','1995-12-29',19),(54,'Station 54','1994-04-20','1996-11-01',13),(55,'Station 55','1972-06-18','1972-09-08',29),(56,'Station 56','1951-11-11','1956-03-25',27),(57,'Station 57','1965-09-19','1968-06-08',9),(58,'Station 58','2002-07-07','2005-01-14',15),(59,'Station 59','1986-08-20','1988-08-01',16),(60,'Station 60','1994-06-14','1996-02-24',4),(61,'Station 61','1990-10-21','1991-05-19',13),(62,'Station 62','1996-03-02','2000-11-15',11),(63,'Station 63','1954-11-12','1955-12-31',22),(64,'Station 64','1954-08-19','1955-11-08',20),(65,'Station 65','1993-06-27','1994-04-01',5),(66,'Station 66','1977-11-17','1981-01-18',20),(67,'Station 67','1960-03-06','1962-11-06',3),(68,'Station 68','1976-03-08','1979-02-13',21),(69,'Station 69','1971-11-13','1974-07-05',14),(70,'Station 70','1962-04-01','1967-03-05',13),(71,'Station 71','1995-07-21','1997-02-17',26),(72,'Station 72','2002-01-10','2005-10-22',10),(73,'Station 73','1979-10-29','1983-01-01',5),(74,'Station 74','1966-12-04','1970-12-01',13),(75,'Station 75','1953-12-01','1955-10-13',13),(76,'Station 76','2009-07-17','2014-01-24',23),(77,'Station 77','1995-01-24','1998-06-15',5),(78,'Station 78','1997-03-09','1999-10-30',4),(79,'Station 79','1956-09-17','1959-06-05',14),(80,'Station 80','2008-04-19','2008-10-30',9);
/*!40000 ALTER TABLE `Station` ENABLE KEYS */;
UNLOCK TABLES;

--
-- Table structure for table `Station_Line`
--

DROP TABLE IF EXISTS `Station_Line`;
/*!40101 SET @saved_cs_client     = @@character_set_client */;
/*!50503 SET character_set_client = utf8mb4 */;
CREATE TABLE `Station_Line` (
  `Station_Line_id` int NOT NULL,
  `Created_at` timestamp NULL DEFAULT NULL,
  `Updated_at` timestamp NULL DEFAULT NULL,
  `Line_id` int NOT NULL,
  `Station_id` int NOT NULL,
  `City_id` int NOT NULL,
  PRIMARY KEY (`Station_Line_id`),
  KEY `fk_Station_Line_Line1_idx` (`Line_id`),
  KEY `fk_Station_Line_Station1_idx` (`Station_id`),
  KEY `fk_Station_Line_City1_idx` (`City_id`),
  CONSTRAINT `fk_Station_Line_City1` FOREIGN KEY (`City_id`) REFERENCES `City` (`City_id`),
  CONSTRAINT `fk_Station_Line_Line1` FOREIGN KEY (`Line_id`) REFERENCES `Line` (`Line_id`),
  CONSTRAINT `fk_Station_Line_Station1` FOREIGN KEY (`Station_id`) REFERENCES `Station` (`Station_id`)
) ENGINE=InnoDB DEFAULT CHARSET=utf8mb3;
/*!40101 SET character_set_client = @saved_cs_client */;

--
-- Dumping data for table `Station_Line`
--

LOCK TABLES `Station_Line` WRITE;
/*!40000 ALTER TABLE `Station_Line` DISABLE KEYS */;
INSERT INTO `Station_Line` VALUES (1,'2020-05-02 04:00:00','2021-02-26 05:00:00',34,68,21),(2,'2021-11-06 04:00:00','2022-10-15 04:00:00',11,68,21),(3,'2020-09-07 04:00:00','2021-04-05 04:00:00',45,7,12),(4,'2021-12-25 05:00:00','2022-11-30 05:00:00',40,8,18),(5,'2022-05-16 04:00:00','2022-06-11 04:00:00',40,5,18),(6,'2021-08-12 04:00:00','2022-06-15 04:00:00',22,68,21),(7,'2021-10-01 04:00:00','2022-03-30 04:00:00',33,24,12),(8,'2020-07-31 04:00:00','2021-05-22 04:00:00',25,24,12),(9,'2022-11-05 04:00:00','2023-02-21 05:00:00',39,9,16),(10,'2020-11-12 05:00:00','2021-10-14 04:00:00',31,18,24),(11,'2022-09-14 04:00:00','2023-01-06 05:00:00',21,68,21),(12,'2020-08-09 04:00:00','2021-02-04 05:00:00',3,50,30),(13,'2022-01-22 05:00:00','2022-03-21 04:00:00',50,8,18),(14,'2021-07-24 04:00:00','2022-05-13 04:00:00',22,68,21),(15,'2021-04-08 04:00:00','2021-11-13 05:00:00',17,47,7),(16,'2020-02-23 05:00:00','2020-12-30 05:00:00',42,61,13),(17,'2021-07-01 04:00:00','2021-07-15 04:00:00',43,61,13),(18,'2021-01-04 05:00:00','2021-05-23 04:00:00',44,3,9),(19,'2021-09-24 04:00:00','2022-03-16 04:00:00',44,3,9),(20,'2021-12-19 05:00:00','2021-12-22 05:00:00',7,18,24),(21,'2021-01-06 05:00:00','2021-03-20 04:00:00',14,58,15),(22,'2022-03-31 04:00:00','2022-05-05 04:00:00',2,58,15),(23,'2020-10-17 04:00:00','2021-09-06 04:00:00',23,9,16),(24,'2020-03-03 05:00:00','2020-04-18 04:00:00',40,8,18),(25,'2022-12-22 05:00:00','2023-04-11 04:00:00',25,7,12),(26,'2022-02-09 05:00:00','2022-09-11 04:00:00',22,68,21),(27,'2022-07-18 04:00:00','2023-01-08 05:00:00',27,58,15),(28,'2020-11-18 05:00:00','2021-05-26 04:00:00',6,61,13),(29,'2021-09-30 04:00:00','2022-03-15 04:00:00',2,12,15),(30,'2020-06-22 04:00:00','2020-07-18 04:00:00',46,25,17),(31,'2020-11-14 05:00:00','2021-02-02 05:00:00',14,45,15),(32,'2020-04-11 04:00:00','2021-03-22 04:00:00',50,8,18),(33,'2020-06-16 04:00:00','2020-11-02 05:00:00',29,31,14),(34,'2022-06-26 04:00:00','2023-05-30 04:00:00',25,7,12),(35,'2022-05-18 04:00:00','2023-01-21 05:00:00',3,50,30),(36,'2022-06-24 04:00:00','2023-01-22 05:00:00',21,68,21),(37,'2021-07-13 04:00:00','2021-10-31 04:00:00',47,24,12),(38,'2022-11-15 05:00:00','2023-01-12 05:00:00',9,63,22),(39,'2021-12-07 05:00:00','2022-07-15 04:00:00',31,18,24),(40,'2020-08-15 04:00:00','2021-01-07 05:00:00',46,25,17),(41,'2022-09-23 04:00:00','2023-06-19 04:00:00',43,74,13),(42,'2021-09-23 04:00:00','2021-10-16 04:00:00',18,50,30),(43,'2021-03-27 04:00:00','2021-10-15 04:00:00',19,34,24),(44,'2020-04-22 04:00:00','2020-04-25 04:00:00',5,13,11),(45,'2021-02-22 05:00:00','2021-07-26 04:00:00',49,70,13),(46,'2021-03-08 05:00:00','2021-05-17 04:00:00',1,70,13),(47,'2021-06-07 04:00:00','2021-11-02 04:00:00',4,26,14),(48,'2021-11-02 04:00:00','2022-01-02 05:00:00',43,42,13),(49,'2020-01-16 05:00:00','2020-09-26 04:00:00',7,34,24),(50,'2022-05-31 04:00:00','2022-08-28 04:00:00',28,27,30),(51,'2020-09-21 04:00:00','2021-04-03 04:00:00',28,27,30),(52,'2022-12-26 05:00:00','2023-12-21 05:00:00',21,68,21),(53,'2021-04-16 04:00:00','2021-12-28 05:00:00',16,63,22),(54,'2021-12-26 05:00:00','2022-01-31 05:00:00',34,68,21),(55,'2022-03-24 04:00:00','2022-04-14 04:00:00',3,50,30),(56,'2022-06-12 04:00:00','2022-06-21 04:00:00',31,34,24),(57,'2022-07-30 04:00:00','2022-09-07 04:00:00',50,5,18),(58,'2021-10-03 04:00:00','2022-07-24 04:00:00',12,5,18),(59,'2022-05-29 04:00:00','2023-03-18 04:00:00',1,4,13),(60,'2022-04-08 04:00:00','2023-04-06 04:00:00',41,73,5),(61,'2022-05-05 04:00:00','2022-09-30 04:00:00',12,5,18),(62,'2020-08-23 04:00:00','2021-03-18 04:00:00',37,63,22),(63,'2020-02-12 05:00:00','2020-07-27 04:00:00',16,63,22),(64,'2020-12-17 05:00:00','2021-10-29 04:00:00',30,27,30),(65,'2022-07-31 04:00:00','2023-07-19 04:00:00',23,14,16),(66,'2022-01-11 05:00:00','2022-02-25 05:00:00',44,57,9),(67,'2022-06-13 04:00:00','2022-08-06 04:00:00',15,63,22),(68,'2021-05-13 04:00:00','2021-12-22 05:00:00',13,12,15),(69,'2022-03-31 04:00:00','2022-12-24 05:00:00',45,7,12),(70,'2020-06-10 04:00:00','2020-12-29 05:00:00',1,42,13),(71,'2021-09-27 04:00:00','2022-03-19 04:00:00',45,24,12),(72,'2021-03-29 04:00:00','2021-09-15 04:00:00',45,24,12),(73,'2020-12-10 05:00:00','2021-01-18 05:00:00',37,63,22),(74,'2022-11-11 05:00:00','2023-10-01 04:00:00',19,18,24),(75,'2020-08-21 04:00:00','2021-05-19 04:00:00',50,8,18),(76,'2022-11-10 05:00:00','2023-02-17 05:00:00',11,68,21),(77,'2021-12-16 05:00:00','2022-06-13 04:00:00',31,18,24),(78,'2020-10-29 04:00:00','2021-02-26 05:00:00',18,50,30),(79,'2020-07-29 04:00:00','2020-10-11 04:00:00',1,74,13),(80,'2021-06-08 04:00:00','2021-09-17 04:00:00',31,18,24),(81,'2020-12-21 05:00:00','2021-10-25 04:00:00',1,42,13),(82,'2020-11-09 05:00:00','2021-10-10 04:00:00',34,68,21),(83,'2020-06-03 04:00:00','2020-09-01 04:00:00',9,63,22),(84,'2022-10-08 04:00:00','2023-06-02 04:00:00',16,63,22),(85,'2022-07-08 04:00:00','2023-06-21 04:00:00',35,15,25),(86,'2021-10-23 04:00:00','2022-09-09 04:00:00',40,8,18),(87,'2021-10-09 04:00:00','2021-12-25 05:00:00',36,45,15),(88,'2022-06-19 04:00:00','2022-07-23 04:00:00',27,12,15),(89,'2022-08-18 04:00:00','2023-04-01 04:00:00',15,63,22),(90,'2021-09-12 04:00:00','2022-01-30 05:00:00',36,58,15),(91,'2020-04-25 04:00:00','2020-10-22 04:00:00',24,42,13),(92,'2022-11-05 04:00:00','2022-12-12 05:00:00',29,26,14),(93,'2021-09-27 04:00:00','2022-05-21 04:00:00',49,4,13),(94,'2022-07-14 04:00:00','2022-08-02 04:00:00',5,13,11),(95,'2020-04-26 04:00:00','2020-10-31 04:00:00',15,63,22),(96,'2021-08-10 04:00:00','2021-09-18 04:00:00',47,24,12),(97,'2020-07-03 04:00:00','2021-05-13 04:00:00',49,4,13),(98,'2022-11-04 04:00:00','2023-05-19 04:00:00',14,45,15),(99,'2022-08-05 04:00:00','2023-05-29 04:00:00',25,7,12),(100,'2020-03-25 04:00:00','2020-11-10 05:00:00',35,37,25),(101,'2021-01-20 05:00:00','2021-07-03 04:00:00',37,63,22),(102,'2022-09-01 04:00:00','2023-05-15 04:00:00',30,27,30),(103,'2020-11-04 05:00:00','2020-12-05 05:00:00',29,69,14),(104,'2022-07-11 04:00:00','2022-09-01 04:00:00',37,63,22),(105,'2021-12-04 05:00:00','2022-12-04 05:00:00',8,17,7),(106,'2020-06-21 04:00:00','2021-03-06 05:00:00',5,62,11),(107,'2020-12-19 05:00:00','2021-01-08 05:00:00',9,63,22),(108,'2021-05-22 04:00:00','2022-05-19 04:00:00',50,5,18),(109,'2022-06-15 04:00:00','2023-01-25 05:00:00',30,50,30),(110,'2022-12-09 05:00:00','2023-09-02 04:00:00',22,68,21),(111,'2020-11-21 05:00:00','2021-05-26 04:00:00',37,63,22),(112,'2022-02-02 05:00:00','2022-06-26 04:00:00',41,73,5),(113,'2022-03-04 05:00:00','2022-09-29 04:00:00',15,63,22),(114,'2021-11-23 05:00:00','2022-11-05 04:00:00',31,18,24),(115,'2020-04-17 04:00:00','2021-03-06 05:00:00',49,70,13),(116,'2021-11-16 05:00:00','2021-12-19 05:00:00',34,68,21),(117,'2021-11-06 04:00:00','2021-12-24 05:00:00',11,68,21),(118,'2022-03-02 05:00:00','2022-07-25 04:00:00',25,7,12),(119,'2021-05-31 04:00:00','2022-05-02 04:00:00',50,5,18),(120,'2020-11-03 05:00:00','2021-04-22 04:00:00',14,12,15),(121,'2020-06-15 04:00:00','2021-04-09 04:00:00',9,63,22),(122,'2020-10-16 04:00:00','2021-04-13 04:00:00',38,68,21),(123,'2021-09-27 04:00:00','2022-08-28 04:00:00',4,26,14),(124,'2022-03-13 05:00:00','2022-05-18 04:00:00',36,10,15),(125,'2020-06-22 04:00:00','2020-11-27 05:00:00',23,2,16),(126,'2022-02-10 05:00:00','2023-01-05 05:00:00',49,74,13),(127,'2021-11-03 04:00:00','2022-01-07 05:00:00',16,63,22),(128,'2022-12-14 05:00:00','2023-01-30 05:00:00',50,8,18),(129,'2022-05-17 04:00:00','2023-02-01 05:00:00',9,63,22),(130,'2022-01-11 05:00:00','2022-01-20 05:00:00',7,34,24),(131,'2022-01-12 05:00:00','2022-06-19 04:00:00',36,58,15),(132,'2021-01-04 05:00:00','2021-04-23 04:00:00',50,5,18),(133,'2021-11-30 05:00:00','2022-08-05 04:00:00',36,45,15),(134,'2021-01-28 05:00:00','2021-05-23 04:00:00',31,18,24),(135,'2020-10-08 04:00:00','2020-12-26 05:00:00',31,34,24),(136,'2020-06-07 04:00:00','2020-11-05 05:00:00',34,68,21),(137,'2020-07-26 04:00:00','2021-04-11 04:00:00',15,63,22),(138,'2022-12-14 05:00:00','2023-01-02 05:00:00',35,21,25),(139,'2021-11-20 05:00:00','2022-10-02 04:00:00',3,50,30),(140,'2020-09-25 04:00:00','2021-07-27 04:00:00',46,25,17),(141,'2022-02-10 05:00:00','2022-04-29 04:00:00',48,63,22),(142,'2020-11-28 05:00:00','2021-02-28 05:00:00',33,7,12),(143,'2020-12-05 05:00:00','2021-07-17 04:00:00',27,12,15),(144,'2020-03-30 04:00:00','2020-10-26 04:00:00',22,68,21),(145,'2022-01-16 05:00:00','2022-12-28 05:00:00',32,47,7),(146,'2021-05-01 04:00:00','2021-12-14 05:00:00',16,63,22),(147,'2021-08-06 04:00:00','2022-03-23 04:00:00',19,34,24),(148,'2021-04-24 04:00:00','2022-01-22 05:00:00',11,68,21),(149,'2021-05-04 04:00:00','2021-10-09 04:00:00',28,27,30),(150,'2022-08-18 04:00:00','2022-11-25 05:00:00',3,50,30);
/*!40000 ALTER TABLE `Station_Line` ENABLE KEYS */;
UNLOCK TABLES;

--
-- Table structure for table `System`
--

DROP TABLE IF EXISTS `System`;
/*!40101 SET @saved_cs_client     = @@character_set_client */;
/*!50503 SET character_set_client = utf8mb4 */;
CREATE TABLE `System` (
  `System_id` int NOT NULL,
  `system_name` varchar(100) DEFAULT NULL,
  `City_id` int NOT NULL,
  PRIMARY KEY (`System_id`),
  KEY `fk_System_City_idx` (`City_id`),
  CONSTRAINT `fk_System_City` FOREIGN KEY (`City_id`) REFERENCES `City` (`City_id`)
) ENGINE=InnoDB DEFAULT CHARSET=utf8mb3;
/*!40101 SET character_set_client = @saved_cs_client */;

--
-- Dumping data for table `System`
--

LOCK TABLES `System` WRITE;
/*!40000 ALTER TABLE `System` DISABLE KEYS */;
INSERT INTO `System` VALUES (1,'Mexico City Tram System 1',11),(2,'Rome Tram System 1',7),(3,'Tokyo Light Rail System 1',3),(4,'Sao Paulo Tram System 3',12),(5,'Los Angeles Metro System 3',9),(6,'Melbourne Commuter Rail System 1',15),(7,'Vienna Light Rail System 1',30),(8,'Hong Kong Tram System 3',18),(9,'Seoul Tram System 3',20),(10,'Rome Metro System 1',7),(11,'Istanbul Subway System 2',22),(12,'Tokyo Subway System 1',3),(13,'Buenos Aires Tram System 2',13),(14,'Moscow Tram System 1',21),(15,'Sao Paulo Tram System 1',12),(16,'Istanbul Tram System 3',22),(17,'Vienna Metro System 3',30),(18,'Moscow Subway System 3',21),(19,'Johannesburg Subway System 1',24),(20,'Melbourne Light Rail System 2',15),(21,'Vienna Commuter Rail System 1',30),(22,'Istanbul Tram System 1',22),(23,'Chicago Metro System 2',8),(24,'Buenos Aires Tram System 1',13),(25,'Rome Commuter Rail System 3',7),(26,'Mexico City Subway System 3',11),(27,'Shanghai Light Rail System 3',16),(28,'Melbourne Subway System 2',15),(29,'Berlin Subway System 3',5),(30,'Hong Kong Commuter Rail System 2',18),(31,'Johannesburg Commuter Rail System 2',24),(32,'Lisbon Commuter Rail System 2',29),(33,'Sao Paulo Subway System 1',12),(34,'Beijing Light Rail System 1',17),(35,'Mumbai Metro System 1',25),(36,'Berlin Subway System 3',5),(37,'Sydney Commuter Rail System 1',14),(38,'Buenos Aires Light Rail System 3',13),(39,'Melbourne Commuter Rail System 2',15),(40,'Hong Kong Metro System 3',18);
/*!40000 ALTER TABLE `System` ENABLE KEYS */;
UNLOCK TABLES;

--
-- Table structure for table `Track`
--

DROP TABLE IF EXISTS `Track`;
/*!40101 SET @saved_cs_client     = @@character_set_client */;
/*!50503 SET character_set_client = utf8mb4 */;
CREATE TABLE `Track` (
  `Track_id` int NOT NULL,
  `Build_start` date DEFAULT NULL,
  `Length` decimal(8,3) DEFAULT NULL,
  `City_id` int NOT NULL,
  PRIMARY KEY (`Track_id`),
  KEY `fk_Track_City1_idx` (`City_id`),
  CONSTRAINT `fk_Track_City1` FOREIGN KEY (`City_id`) REFERENCES `City` (`City_id`)
) ENGINE=InnoDB DEFAULT CHARSET=utf8mb3;
/*!40101 SET character_set_client = @saved_cs_client */;

--
-- Dumping data for table `Track`
--

LOCK TABLES `Track` WRITE;
/*!40000 ALTER TABLE `Track` DISABLE KEYS */;
INSERT INTO `Track` VALUES (1,'1966-09-03',17.043,28),(2,'1986-03-23',6.532,8),(3,'1953-07-26',10.771,20),(4,'1996-11-25',6.889,19),(5,'1978-03-10',10.197,22),(6,'1976-11-30',23.261,22),(7,'1956-07-05',24.962,30),(8,'1956-07-28',12.894,4),(9,'1981-04-24',22.042,5),(10,'1975-07-27',17.737,12),(11,'1997-06-15',7.835,20),(12,'1959-04-18',3.790,22),(13,'1959-08-09',4.308,4),(14,'1968-11-23',5.488,10),(15,'1973-09-07',6.652,21),(16,'1954-07-23',20.819,30),(17,'1950-04-27',3.705,2),(18,'1964-06-30',14.016,9),(19,'1950-11-13',13.867,14),(20,'1983-02-15',4.128,27),(21,'1953-10-02',22.525,5),(22,'1953-07-31',5.647,26),(23,'1959-03-23',14.217,8),(24,'1986-06-17',18.862,28),(25,'1971-03-29',24.417,30),(26,'1965-11-19',1.107,26),(27,'1979-10-21',10.587,24),(28,'1972-04-06',19.791,22),(29,'1984-04-27',21.536,4),(30,'1967-11-27',11.777,8),(31,'1970-06-02',16.671,10),(32,'1979-06-14',2.201,13),(33,'1975-01-16',12.980,25),(34,'1998-02-08',1.176,22),(35,'1973-06-08',1.437,29),(36,'1988-12-26',19.767,20),(37,'1995-11-19',5.157,14),(38,'1989-02-13',17.328,2),(39,'1967-09-05',2.214,24),(40,'1979-08-16',16.753,22),(41,'1976-12-10',16.839,4),(42,'1986-02-06',14.083,11),(43,'1987-09-21',9.789,7),(44,'1965-08-12',7.873,24),(45,'1950-01-14',5.649,18),(46,'1978-11-29',11.333,26),(47,'1995-11-11',22.579,7),(48,'1965-03-23',7.453,26),(49,'1980-01-27',16.983,22),(50,'1967-11-13',6.499,8),(51,'1956-07-14',22.210,16),(52,'1967-06-12',9.907,19),(53,'1971-11-21',22.370,13),(54,'1959-07-25',5.862,28),(55,'1996-06-20',14.156,26),(56,'1960-11-20',20.135,30),(57,'1997-08-26',15.089,22),(58,'1989-09-15',18.122,25),(59,'1988-04-14',13.923,17),(60,'1964-04-12',12.130,29);
/*!40000 ALTER TABLE `Track` ENABLE KEYS */;
UNLOCK TABLES;

--
-- Table structure for table `Track_Line`
--

DROP TABLE IF EXISTS `Track_Line`;
/*!40101 SET @saved_cs_client     = @@character_set_client */;
/*!50503 SET character_set_client = utf8mb4 */;
CREATE TABLE `Track_Line` (
  `Track_Line_id` int NOT NULL,
  `Section_id` int DEFAULT NULL,
  `Created_at` timestamp NULL DEFAULT NULL,
  `Updated_at` timestamp NULL DEFAULT NULL,
  `Line_id` int NOT NULL,
  `City_id` int NOT NULL,
  PRIMARY KEY (`Track_Line_id`),
  KEY `fk_Track_Line_Line1_idx` (`Line_id`),
  KEY `fk_Track_Line_City1_idx` (`City_id`),
  CONSTRAINT `fk_Track_Line_City1` FOREIGN KEY (`City_id`) REFERENCES `City` (`City_id`),
  CONSTRAINT `fk_Track_Line_Line1` FOREIGN KEY (`Line_id`) REFERENCES `Line` (`Line_id`)
) ENGINE=InnoDB DEFAULT CHARSET=utf8mb3;
/*!40101 SET character_set_client = @saved_cs_client */;

--
-- Dumping data for table `Track_Line`
--

LOCK TABLES `Track_Line` WRITE;
/*!40000 ALTER TABLE `Track_Line` DISABLE KEYS */;
INSERT INTO `Track_Line` VALUES (1,18,'2022-02-17 05:00:00','2022-07-29 04:00:00',46,17),(2,16,'2020-03-14 04:00:00','2021-01-24 05:00:00',50,18),(3,3,'2021-04-25 04:00:00','2022-03-14 04:00:00',5,11),(4,10,'2021-04-10 04:00:00','2021-05-26 04:00:00',33,12),(5,14,'2020-07-20 04:00:00','2021-06-09 04:00:00',48,22),(6,4,'2022-06-27 04:00:00','2022-09-20 04:00:00',24,13),(7,10,'2020-02-29 05:00:00','2020-03-23 04:00:00',8,7),(8,11,'2020-04-24 04:00:00','2020-09-21 04:00:00',12,18),(9,12,'2022-02-06 05:00:00','2022-09-14 04:00:00',13,15),(10,5,'2021-05-15 04:00:00','2022-02-10 05:00:00',37,22),(11,14,'2021-01-03 05:00:00','2021-03-31 04:00:00',29,14),(12,6,'2020-06-10 04:00:00','2021-04-18 04:00:00',47,12),(13,13,'2021-05-08 04:00:00','2022-01-17 05:00:00',43,13),(14,19,'2020-10-20 04:00:00','2021-02-15 05:00:00',48,22),(15,15,'2021-06-04 04:00:00','2022-01-25 05:00:00',40,18),(16,9,'2020-01-20 05:00:00','2020-09-14 04:00:00',32,7),(17,10,'2020-11-19 05:00:00','2020-12-26 05:00:00',21,21),(18,15,'2021-12-08 05:00:00','2022-10-04 04:00:00',22,21),(19,10,'2022-05-18 04:00:00','2023-05-06 04:00:00',45,12),(20,9,'2022-07-24 04:00:00','2022-12-25 05:00:00',14,15),(21,7,'2022-02-26 05:00:00','2022-10-31 04:00:00',39,16),(22,4,'2021-04-30 04:00:00','2021-11-11 05:00:00',47,12),(23,19,'2022-01-05 05:00:00','2022-10-26 04:00:00',1,13),(24,10,'2021-08-27 04:00:00','2021-09-07 04:00:00',16,22),(25,13,'2021-07-16 04:00:00','2021-07-20 04:00:00',47,12),(26,19,'2020-04-10 04:00:00','2021-02-14 05:00:00',10,13),(27,16,'2021-08-09 04:00:00','2021-12-04 05:00:00',30,30),(28,20,'2021-12-22 05:00:00','2022-04-13 04:00:00',35,25),(29,7,'2021-05-28 04:00:00','2022-05-10 04:00:00',42,13),(30,5,'2020-07-17 04:00:00','2021-06-03 04:00:00',10,13),(31,2,'2021-09-24 04:00:00','2022-05-07 04:00:00',49,13),(32,2,'2022-01-17 05:00:00','2022-03-25 04:00:00',6,13),(33,3,'2021-08-27 04:00:00','2022-02-10 05:00:00',10,13),(34,14,'2020-12-25 05:00:00','2021-04-06 04:00:00',35,25),(35,5,'2022-01-19 05:00:00','2022-10-17 04:00:00',9,22),(36,17,'2021-07-12 04:00:00','2021-10-04 04:00:00',5,11),(37,9,'2022-09-13 04:00:00','2023-02-11 05:00:00',6,13),(38,11,'2020-08-23 04:00:00','2021-04-19 04:00:00',37,22),(39,3,'2020-10-15 04:00:00','2021-02-07 05:00:00',2,15),(40,13,'2022-01-19 05:00:00','2022-03-06 05:00:00',13,15),(41,13,'2020-01-29 05:00:00','2020-06-12 04:00:00',21,21),(42,18,'2020-09-10 04:00:00','2021-04-30 04:00:00',12,18),(43,12,'2021-06-20 04:00:00','2022-04-15 04:00:00',46,17),(44,13,'2022-01-30 05:00:00','2022-03-26 04:00:00',38,21),(45,8,'2022-08-23 04:00:00','2022-09-04 04:00:00',39,16),(46,20,'2021-11-02 04:00:00','2022-09-10 04:00:00',32,7),(47,8,'2020-05-09 04:00:00','2021-03-30 04:00:00',35,25),(48,15,'2021-09-10 04:00:00','2022-08-08 04:00:00',45,12),(49,14,'2020-08-26 04:00:00','2020-11-05 05:00:00',46,17),(50,2,'2020-03-17 04:00:00','2020-08-19 04:00:00',11,21),(51,16,'2020-08-25 04:00:00','2020-10-13 04:00:00',34,21),(52,8,'2020-10-04 04:00:00','2021-04-20 04:00:00',1,13),(53,15,'2022-01-29 05:00:00','2023-01-07 05:00:00',23,16),(54,18,'2022-05-08 04:00:00','2023-03-04 05:00:00',39,16),(55,5,'2022-04-29 04:00:00','2023-03-30 04:00:00',5,11),(56,4,'2022-09-29 04:00:00','2023-08-10 04:00:00',49,13),(57,14,'2021-07-26 04:00:00','2021-08-11 04:00:00',35,25),(58,12,'2021-03-20 04:00:00','2021-11-02 04:00:00',28,30),(59,15,'2021-04-28 04:00:00','2021-10-30 04:00:00',49,13),(60,4,'2022-01-22 05:00:00','2022-10-27 04:00:00',49,13),(61,12,'2020-05-04 04:00:00','2020-11-23 05:00:00',2,15),(62,9,'2021-01-23 05:00:00','2021-03-26 04:00:00',14,15),(63,15,'2020-07-06 04:00:00','2021-06-10 04:00:00',34,21),(64,7,'2020-02-13 05:00:00','2020-03-09 04:00:00',15,22),(65,11,'2021-05-13 04:00:00','2021-07-16 04:00:00',19,24),(66,19,'2021-02-24 05:00:00','2021-03-31 04:00:00',29,14),(67,18,'2021-02-28 05:00:00','2021-12-25 05:00:00',22,21),(68,7,'2021-04-22 04:00:00','2021-10-07 04:00:00',2,15),(69,5,'2020-01-06 05:00:00','2020-05-26 04:00:00',31,24),(70,5,'2020-09-23 04:00:00','2021-06-26 04:00:00',4,14),(71,9,'2020-12-23 05:00:00','2021-02-17 05:00:00',28,30),(72,1,'2020-09-26 04:00:00','2020-10-03 04:00:00',28,30),(73,12,'2021-05-02 04:00:00','2022-02-27 05:00:00',20,15),(74,11,'2020-02-02 05:00:00','2020-05-01 04:00:00',42,13),(75,9,'2020-04-17 04:00:00','2020-06-20 04:00:00',42,13),(76,14,'2022-12-13 05:00:00','2023-02-09 05:00:00',3,30),(77,3,'2022-09-02 04:00:00','2023-04-19 04:00:00',37,22),(78,12,'2022-11-17 05:00:00','2023-09-16 04:00:00',19,24),(79,4,'2022-07-14 04:00:00','2023-03-28 04:00:00',38,21),(80,8,'2020-03-29 04:00:00','2021-03-01 05:00:00',50,18),(81,17,'2021-09-09 04:00:00','2022-05-01 04:00:00',15,22),(82,1,'2020-05-04 04:00:00','2021-01-04 05:00:00',38,21),(83,13,'2022-05-23 04:00:00','2023-05-09 04:00:00',23,16),(84,4,'2022-10-01 04:00:00','2023-09-30 04:00:00',5,11),(85,15,'2020-05-30 04:00:00','2020-07-10 04:00:00',44,9),(86,11,'2020-10-30 04:00:00','2020-12-02 05:00:00',25,12),(87,5,'2021-07-17 04:00:00','2022-06-01 04:00:00',26,7),(88,19,'2021-10-27 04:00:00','2022-05-10 04:00:00',48,22),(89,20,'2022-12-22 05:00:00','2023-05-21 04:00:00',29,14),(90,15,'2022-11-01 04:00:00','2023-09-06 04:00:00',2,15),(91,14,'2020-07-22 04:00:00','2021-07-16 04:00:00',33,12),(92,4,'2021-03-16 04:00:00','2021-10-22 04:00:00',4,14),(93,15,'2021-04-12 04:00:00','2021-11-09 05:00:00',24,13),(94,11,'2022-07-17 04:00:00','2023-02-06 05:00:00',7,24),(95,14,'2020-07-13 04:00:00','2020-12-20 05:00:00',6,13),(96,14,'2021-10-02 04:00:00','2022-09-07 04:00:00',14,15),(97,9,'2022-02-05 05:00:00','2022-04-24 04:00:00',18,30),(98,16,'2020-05-17 04:00:00','2020-07-02 04:00:00',38,21),(99,3,'2020-07-09 04:00:00','2021-02-15 05:00:00',8,7),(100,4,'2022-02-02 05:00:00','2022-04-09 04:00:00',23,16);
/*!40000 ALTER TABLE `Track_Line` ENABLE KEYS */;
UNLOCK TABLES;
/*!40103 SET TIME_ZONE=@OLD_TIME_ZONE */;

/*!40101 SET SQL_MODE=@OLD_SQL_MODE */;
/*!40014 SET FOREIGN_KEY_CHECKS=@OLD_FOREIGN_KEY_CHECKS */;
/*!40014 SET UNIQUE_CHECKS=@OLD_UNIQUE_CHECKS */;
/*!40101 SET CHARACTER_SET_CLIENT=@OLD_CHARACTER_SET_CLIENT */;
/*!40101 SET CHARACTER_SET_RESULTS=@OLD_CHARACTER_SET_RESULTS */;
/*!40101 SET COLLATION_CONNECTION=@OLD_COLLATION_CONNECTION */;
/*!40111 SET SQL_NOTES=@OLD_SQL_NOTES */;

-- Dump completed on 2025-11-13 22:58:30
